2015160001,Krish,1998-01-16,Male,Giri,"65,garden street,sowcarpet,chennai-79",9876543210,2016-06-05,2020-07-04,9999-12-31
2015160002,Kamal,1997-11-19,Male,Ford,"75,gudown street,saidapet,chennai-19",8765432109,2016-06-05,2020-07-04,9999-12-31
2015160003,Hasan,1996-10-16,Male,Fransis,"05,madison street,T.nagar,chennai-09",7654321089,2016-06-05,2020-07-04,9999-12-31
2015160004,Hasini,1997-09-06,Female,Shankar,"12,temple street,Mylapore,chennai-12",6543210789,2016-06-05,2020-07-04,9999-12-31
2015160005,Mani,1997-11-14,Male,Raja,"65,nayagan street,fort,chennai-35",5432109876,2017-06-10,2020-07-04,9999-12-31
2015160006,Rathnam,1998-01-21,Male,Rahman,"98,garden street,sowcarpet,chennai-79",4321098765,2017-06-10,2020-07-04,9999-12-31 
2015160007,Martin,1997-02-22,Male,Scorsese,"120,movie street,adayar,chennai-79",3210987654,2017-06-10,2020-07-04,9999-12-31
2015160008,Anna Ben,1998-03-20,Female,Benny,"20,kaapala street,besent nagar,chennai-79",9210876543,2017-06-10,2020-07-04,9999-12-31
2015160009,Salman,1998-01-20,Male,Khan,"65,bollywood street,north sennai,chennai-79",9876054321,2018-06-19,2020-07-04,9999-12-31
2015170001,Sushant,1997-05-12,Male,Rajput,"15,nepot street,port,chennai-79",9876504321,2018-06-19,2020-07-04,9999-12-31
2015170002,Aalia,1998-01-16,Female,Mahesh,"60,high street,vepery,chennai-79",9874321065,2018-06-19,2020-07-04,9999-12-31
2015170003,Vijay,1996-02-17,Male,Joseph,"28,poyes street,T.Nagar,chennai-79",9321087654,2018-06-19,2020-07-04,9999-12-31
2015170004,Fahad,1997-05-21,Male,Fazal,"95,klite street,bandher,chennai-79",9872165430,2019-06-15,2020-07-04,9999-12-31
2015170005,Fathima,1998-04-16,Female,Begam,"15,garden street,sowcarpet,chennai-79",9765432180,2019-06-15,2020-07-04,9999-12-31 
2015170006,Dulquar,1998-07-23,Male,Salman,"36,mad street,wasercarpet,chennai-29",9765432180,2019-06-15,2020-07-04,9999-12-31 
2015170007,Shane,1997-08-19,Male,Nigam,"15,kids street,sekcarpet,chennai-19",9765432180,2019-06-15,2020-07-04,9999-12-31